{"global_step": 256, "_timestamp": 1708150664.680646, "time/fps": 1.0, "_runtime": 235.81823801994324, "_step": 3, "train/approx_kl": 0.020525459200143814, "train/clip_fraction": 0.24062499403953552, "train/clip_range": 0.20000000298023224, "train/embedding_weight_mean": 0.0008701325277797878, "train/embedding_weight_stddev": 0.06753513216972351, "train/entropy_loss": -1.7526453733444214, "train/explained_variance": 0.7374833822250366, "train/grad_norm": 0.013844934292137623, "train/learning_rate": 0.0005000000237487257, "train/loss": -0.005077498033642769, "train/policy_gradient_loss": -0.004368926398456097, "train/value_loss": 0.0002781696093734354, "_wandb": {"runtime": 282}}