{"global_step": 64, "_timestamp": 1708148122.3230221, "time/fps": 7.0, "_runtime": 9.147533178329468, "_step": 0, "_wandb": {"runtime": 46}}