{"global_step": 128, "_timestamp": 1708147522.132755, "time/fps": 1.0, "_runtime": 82.6802430152893, "_step": 1, "train/approx_kl": 0.015238875523209572, "train/clip_fraction": 0.32499998807907104, "train/clip_range": 0.20000000298023224, "train/embedding_weight_mean": 9.024060273077339e-05, "train/embedding_weight_stddev": 0.06659181416034698, "train/entropy_loss": -1.7586597204208374, "train/explained_variance": -0.323738694190979, "train/grad_norm": 0.040232837200164795, "train/learning_rate": 0.0005000000237487257, "train/loss": 0.013266284950077534, "train/policy_gradient_loss": -0.005585062317550182, "train/value_loss": 0.00045936767128296196, "_wandb": {"runtime": 151}}