{"global_step": 64, "_timestamp": 1708146580.809719, "time/fps": 10.0, "_runtime": 6.8354811668396, "_step": 0, "_wandb": {"runtime": 32}}