{"global_step": 64, "_timestamp": 1708148183.95805, "time/fps": 8.0, "_runtime": 8.107800960540771, "_step": 0, "_wandb": {"runtime": 116}}