{"global_step": 64, "_timestamp": 1708147338.453224, "time/fps": 10.0, "_runtime": 7.009767055511475, "_step": 0, "_wandb": {"runtime": 13}}