{"global_step": 1728, "_timestamp": 1708150280.9128802, "time/fps": 0.0, "_runtime": 1976.128633260727, "_step": 26, "train/approx_kl": 0.2100185751914978, "train/clip_fraction": 0.668749988079071, "train/clip_range": 0.20000000298023224, "train/embedding_weight_mean": -0.002934997668489814, "train/embedding_weight_stddev": 0.07423435896635056, "train/entropy_loss": -1.492439866065979, "train/explained_variance": -28.740148544311523, "train/grad_norm": 0.050523582845926285, "train/learning_rate": 0.0005000000237487257, "train/loss": -0.0007229027105495334, "train/policy_gradient_loss": -0.0005271691479720175, "train/value_loss": 9.664816752774641e-05, "rollout/ep_len_mean": 1000.0, "rollout/ep_rew_mean": 3.0, "_wandb": {"runtime": 2111}}