{"global_step": 128, "_timestamp": 1708145937.4063659, "time/fps": 1.0, "_runtime": 80.43581891059875, "_step": 1, "train/approx_kl": 0.03230370953679085, "train/clip_fraction": 0.296875, "train/clip_range": 0.20000000298023224, "train/embedding_weight_mean": 0.0004570735327433795, "train/embedding_weight_stddev": 0.06681313365697861, "train/entropy_loss": -1.747599482536316, "train/explained_variance": -1.301988124847412, "train/grad_norm": 0.07049230486154556, "train/learning_rate": 0.0005000000237487257, "train/loss": -0.007007774896919727, "train/policy_gradient_loss": -0.008504893630743027, "train/value_loss": 0.00029347697272896767, "_wandb": {"runtime": 106}}