{"global_step": 320, "_timestamp": 1708146288.7074828, "time/fps": 1.0, "_runtime": 302.8252499103546, "_step": 4, "train/approx_kl": 0.010463323444128036, "train/clip_fraction": 0.109375, "train/clip_range": 0.20000000298023224, "train/embedding_weight_mean": 0.0014398429775610566, "train/embedding_weight_stddev": 0.06675366312265396, "train/entropy_loss": -1.7542505264282227, "train/explained_variance": 0.7950544953346252, "train/grad_norm": 0.03570977598428726, "train/learning_rate": 0.0005000000237487257, "train/loss": -0.002872118493542075, "train/policy_gradient_loss": 0.0011726099764928222, "train/value_loss": 0.00020658219000324607, "_wandb": {"runtime": 338}}