{"global_step": 512, "_timestamp": 1708144815.66344, "time/fps": 1.0, "_runtime": 512.0485110282898, "_step": 7, "train/approx_kl": 0.21996158361434937, "train/clip_fraction": 0.6625000238418579, "train/clip_range": 0.20000000298023224, "train/embedding_weight_mean": 0.0024978325236588717, "train/embedding_weight_stddev": 0.0713927373290062, "train/entropy_loss": -1.4342793226242065, "train/explained_variance": -0.002254009246826172, "train/grad_norm": 0.03197891637682915, "train/learning_rate": 0.0005000000237487257, "train/loss": -0.01940331421792507, "train/policy_gradient_loss": -0.5967832207679749, "train/value_loss": 4.19921875, "_wandb": {"runtime": 592}}